,folds,cls_test_auc,cls_test_acc,site_test_auc,site_test_acc
0,0,0.6742424242424242,0.76,0.7989130434782609,0.92
1,1,0.6401515151515151,0.84,0.5706521739130435,0.9
2,2,0.5757575757575757,0.86,0.44021739130434784,0.92
3,3,0.6098484848484849,0.88,0.8206521739130436,0.92
4,4,0.5113636363636362,0.86,0.5869565217391304,0.92
